Origin,Destination,DepTime,DepHour,DepMin,ArrTime,ArrHour,ArrMin,DurationInHours:Minutes,Duration,FlightNum,Frequency,Index
AMD,BLR,1899-12-30 08:55:00,8,55,1899-12-30 11:15:00,11,15,2:20,140,823,Every TUE,126
AMD,BLR,1899-12-30 20:05:00,20,5,1899-12-30 22:30:00,22,30,2:25,145,6153,Daily,503
AMD,BOM,1899-12-30 07:40:00,7,40,1899-12-30 08:55:00,8,55,1:15,75,6834,Except WED/FRI,53
AMD,BOM,1899-12-30 22:00:00,22,0,1899-12-30 23:15:00,23,15,1:15,75,313,Except SAT,526
AMD,CCU,1899-12-30 09:50:00,9,50,1899-12-30 12:30:00,12,30,2:40,160,751,Except SUN,174
AMD,CCU,1899-12-30 16:15:00,16,15,1899-12-30 18:50:00,18,50,2:35,155,6135,Daily,386
AMD,DEL,1899-12-30 07:10:00,7,10,1899-12-30 08:55:00,8,55,1:45,105,962,Daily,50
AMD,DEL,1899-12-30 11:50:00,11,50,1899-12-30 13:30:00,13,30,1:40,100,2045,Except SUN,205
AMD,HYD,1899-12-30 06:15:00,6,15,1899-12-30 08:05:00,8,5,1:50,110,645,Daily,30
AMD,HYD,1899-12-30 15:45:00,15,45,1899-12-30 17:35:00,17,35,1:50,110,383,Daily,347
AMD,LKO,1899-12-30 08:10:00,8,10,1899-12-30 10:05:00,10,5,1:55,115,244,Daily,88
AMD,MAA,1899-12-30 18:05:00,18,5,1899-12-30 20:25:00,20,25,2:20,140,6215,Daily,442
AMD,PNQ,1899-12-30 21:40:00,21,40,1899-12-30 22:55:00,22,55,1:15,75,674,Daily,514
ATQ,BOM,1899-12-30 13:10:00,13,10,1899-12-30 15:40:00,15,40,2:30,150,448,Except MON/WED/FRI/SUN,288
ATQ,DEL,1899-12-30 22:00:00,22,0,1899-12-30 23:15:00,23,15,1:15,75,5057,Daily,525
BBI,BLR,1899-12-30 08:30:00,8,30,1899-12-30 10:30:00,10,30,2:00,120,393,Daily,101
BBI,BLR,1899-12-30 21:00:00,21,0,1899-12-30 23:00:00,23,0,2:00,120,431,Except SUN,517
BBI,BLR,1899-12-30 21:00:00,21,0,1899-12-30 23:00:00,23,0,2:00,120,6869,Daily,516
BBI,CCU,1899-12-30 18:50:00,18,50,1899-12-30 19:55:00,19,55,1:05,65,6572,Daily,425
BBI,DEL,1899-12-30 09:40:00,9,40,1899-12-30 11:55:00,11,55,2:15,135,2256,Except THU,154
BBI,HYD,1899-12-30 09:20:00,9,20,1899-12-30 11:00:00,11,0,1:40,100,342,Daily,119
BBI,MAA,1899-12-30 19:20:00,19,20,1899-12-30 21:15:00,21,15,1:55,115,145,Except MON/WED/FRI/SUN,467
BDQ,BLR,1899-12-30 20:40:00,20,40,1899-12-30 22:45:00,22,45,2:05,125,808,Daily,509
BDQ,BOM,1899-12-30 17:20:00,17,20,1899-12-30 18:35:00,18,35,1:15,75,628,Except FRI,380
BDQ,DEL,1899-12-30 19:25:00,19,25,1899-12-30 21:10:00,21,10,1:45,105,2512,Daily,463
BDQ,DEL,1899-12-30 21:10:00,21,10,1899-12-30 22:45:00,22,45,1:35,95,2488,Every SAT,510
BHO,DEL,1899-12-30 16:00:00,16,0,1899-12-30 17:30:00,17,30,1:30,90,2052,Daily,345
BHO,HYD,1899-12-30 17:40:00,17,40,1899-12-30 20:00:00,20,0,2:20,140,7122,Except MON/WED/FRI/SUN,428
BLR,AMD,1899-12-30 06:05:00,6,5,1899-12-30 08:15:00,8,15,2:10,130,586,Daily,34
BLR,AMD,1899-12-30 17:15:00,17,15,1899-12-30 19:25:00,19,25,2:10,130,452,Daily,413
BLR,BBI,1899-12-30 05:45:00,5,45,1899-12-30 07:50:00,7,50,2:05,125,368,Daily,22
BLR,BBI,1899-12-30 18:20:00,18,20,1899-12-30 20:20:00,20,20,2:00,120,427,Daily,441
BLR,BDQ,1899-12-30 18:00:00,18,0,1899-12-30 20:00:00,20,0,2:00,120,747,Daily,429
BLR,BOM,1899-12-30 05:05:00,5,5,1899-12-30 06:50:00,6,50,1:45,105,456,Daily,4
BLR,BOM,1899-12-30 07:55:00,7,55,1899-12-30 09:40:00,9,40,1:45,105,5334,Daily,72
BLR,BOM,1899-12-30 13:45:00,13,45,1899-12-30 15:40:00,15,40,1:55,115,5395,Except TUE,289
BLR,BOM,1899-12-30 15:40:00,15,40,1899-12-30 17:20:00,17,20,1:40,100,734,Daily,338
BLR,BOM,1899-12-30 18:25:00,18,25,1899-12-30 20:10:00,20,10,1:45,105,6449,Daily,440
BLR,CCJ,1899-12-30 14:55:00,14,55,1899-12-30 16:15:00,16,15,1:20,80,7129,Except TUE/WED/FRI/SUN,306
BLR,CCU,1899-12-30 05:15:00,5,15,1899-12-30 07:55:00,7,55,2:40,160,713,Every TUE,27
BLR,CCU,1899-12-30 06:35:00,6,35,1899-12-30 09:05:00,9,5,2:30,150,6339,Except TUE,59
BLR,CCU,1899-12-30 08:35:00,8,35,1899-12-30 11:10:00,11,10,2:35,155,344,Except TUE/THU/SAT,123
BLR,CCU,1899-12-30 19:15:00,19,15,1899-12-30 21:50:00,21,50,2:35,155,676,Daily,481
BLR,CJB,1899-12-30 14:40:00,14,40,1899-12-30 15:35:00,15,35,0:55,55,6992,Except TUE,283
BLR,CNN,1899-12-30 14:55:00,14,55,1899-12-30 16:15:00,16,15,1:20,80,7974,Except MON/TUE/THU/SAT,304
BLR,COK,1899-12-30 07:50:00,7,50,1899-12-30 09:00:00,9,0,1:10,70,113,Daily,56
BLR,COK,1899-12-30 21:45:00,21,45,1899-12-30 22:55:00,22,55,1:10,70,463,Daily,513
BLR,DEL,1899-12-30 06:05:00,6,5,1899-12-30 08:55:00,8,55,2:50,170,2132,Daily,51
BLR,DEL,1899-12-30 08:35:00,8,35,1899-12-30 11:25:00,11,25,2:50,170,5032,Daily,133
BLR,DEL,1899-12-30 15:35:00,15,35,1899-12-30 18:20:00,18,20,2:45,165,2487,Except TUE,372
BLR,GAU,1899-12-30 07:00:00,7,0,1899-12-30 10:00:00,10,0,3:00,180,457,Except TUE,84
BLR,GOI,1899-12-30 12:25:00,12,25,1899-12-30 13:40:00,13,40,1:15,75,345,Except TUE,212
BLR,HYD,1899-12-30 07:25:00,7,25,1899-12-30 08:40:00,8,40,1:15,75,186,Daily,46
BLR,HYD,1899-12-30 09:40:00,9,40,1899-12-30 10:50:00,10,50,1:10,70,2032,Daily,110
BLR,HYD,1899-12-30 16:40:00,16,40,1899-12-30 17:50:00,17,50,1:10,70,684,Daily,356
BLR,HYD,1899-12-30 18:45:00,18,45,1899-12-30 20:05:00,20,5,1:20,80,855,Daily,435
BLR,IXC,1899-12-30 07:10:00,7,10,1899-12-30 10:10:00,10,10,3:00,180,6512,Except TUE/SUN,90
BLR,IXC,1899-12-30 11:00:00,11,0,1899-12-30 14:00:00,14,0,3:00,180,592,Daily,233
BLR,IXC,1899-12-30 16:20:00,16,20,1899-12-30 19:20:00,19,20,3:00,180,6147,Every TUE,409
BLR,IXD,1899-12-30 04:55:00,4,55,1899-12-30 07:30:00,7,30,2:35,155,5991,Every SAT,14
BLR,IXD,1899-12-30 11:30:00,11,30,1899-12-30 13:55:00,13,55,2:25,145,5998,Daily,226
BLR,IXE,1899-12-30 17:55:00,17,55,1899-12-30 18:55:00,18,55,1:00,60,279,Daily,389
BLR,IXM,1899-12-30 11:00:00,11,0,1899-12-30 12:25:00,12,25,1:25,85,7214,Except TUE,166
BLR,JAI,1899-12-30 09:15:00,9,15,1899-12-30 11:45:00,11,45,2:30,150,415,Daily,145
BLR,LKO,1899-12-30 14:00:00,14,0,1899-12-30 16:30:00,16,30,2:30,150,451,Except TUE,311
BLR,LKO,1899-12-30 19:00:00,19,0,1899-12-30 21:30:00,21,30,2:30,150,847,Daily,472
BLR,MAA,1899-12-30 08:10:00,8,10,1899-12-30 09:15:00,9,15,1:05,65,6269,Daily,61
BLR,MAA,1899-12-30 12:50:00,12,50,1899-12-30 13:50:00,13,50,1:00,60,237,Except TUE,223
BLR,MAA,1899-12-30 14:00:00,14,0,1899-12-30 15:00:00,15,0,1:00,60,258,Every SAT,260
BLR,MAA,1899-12-30 16:15:00,16,15,1899-12-30 17:15:00,17,15,1:00,60,6012,Daily,335
BLR,MAA,1899-12-30 18:00:00,18,0,1899-12-30 19:00:00,19,0,1:00,60,6191,Daily,394
BLR,NAG,1899-12-30 08:15:00,8,15,1899-12-30 09:55:00,9,55,1:40,100,312,Except TUE,80
BLR,PAT,1899-12-30 11:40:00,11,40,1899-12-30 14:10:00,14,10,2:30,150,485,Daily,238
BLR,PNQ,1899-12-30 05:00:00,5,0,1899-12-30 06:20:00,6,20,1:20,80,408,Daily,1
BLR,PNQ,1899-12-30 11:40:00,11,40,1899-12-30 13:05:00,13,5,1:25,85,6104,Except SAT,191
BLR,PNQ,1899-12-30 16:05:00,16,5,1899-12-30 17:30:00,17,30,1:25,85,469,Every SAT,343
BLR,PNQ,1899-12-30 20:15:00,20,15,1899-12-30 21:45:00,21,45,1:30,90,426,Daily,479
BLR,TIR,1899-12-30 10:45:00,10,45,1899-12-30 11:50:00,11,50,1:05,65,7328,Daily,150
BLR,TRZ,1899-12-30 19:40:00,19,40,1899-12-30 21:00:00,21,0,1:20,80,7738,Daily,461
BLR,VGA,1899-12-30 06:10:00,6,10,1899-12-30 07:55:00,7,55,1:45,105,7204,Daily,24
BLR,VNS,1899-12-30 09:10:00,9,10,1899-12-30 11:40:00,11,40,2:30,150,897,Except TUE,141
BLR,VTZ,1899-12-30 05:25:00,5,25,1899-12-30 06:55:00,6,55,1:30,90,288,Daily,6
BOM,AMD,1899-12-30 16:15:00,16,15,1899-12-30 17:25:00,17,25,1:10,70,213,Except WED/FRI,340
BOM,AMD,1899-12-30 20:10:00,20,10,1899-12-30 21:30:00,21,30,1:20,80,639,Except SAT,471
BOM,ATQ,1899-12-30 10:05:00,10,5,1899-12-30 12:30:00,12,30,2:25,145,453,Except MON/WED/FRI/SUN,169
BOM,BBI,1899-12-30 19:15:00,19,15,1899-12-30 21:35:00,21,35,2:20,140,598,Daily,475
BOM,BDQ,1899-12-30 15:30:00,15,30,1899-12-30 16:40:00,16,40,1:10,70,917,Except FRI,315
BOM,BLR,1899-12-30 07:40:00,7,40,1899-12-30 09:30:00,9,30,1:50,110,715,Daily,67
BOM,BLR,1899-12-30 10:30:00,10,30,1899-12-30 12:20:00,12,20,1:50,110,5354,Daily,165
BOM,BLR,1899-12-30 16:30:00,16,30,1899-12-30 18:15:00,18,15,1:45,105,5396,Except TUE,366
BOM,BLR,1899-12-30 18:15:00,18,15,1899-12-30 20:05:00,20,5,1:50,110,199,Daily,432
BOM,BLR,1899-12-30 21:00:00,21,0,1899-12-30 22:50:00,22,50,1:50,110,949,Daily,511
BOM,CCU,1899-12-30 04:30:00,4,30,1899-12-30 07:10:00,7,10,2:40,160,6181,Except TUE/THU,10
BOM,CCU,1899-12-30 11:45:00,11,45,1899-12-30 14:30:00,14,30,2:45,165,323,Daily,245
BOM,CCU,1899-12-30 18:55:00,18,55,1899-12-30 21:45:00,21,45,2:50,170,395,Daily,478
BOM,CJB,1899-12-30 11:40:00,11,40,1899-12-30 13:40:00,13,40,2:00,120,166,Except TUE/THU,216
BOM,COK,1899-12-30 20:20:00,20,20,1899-12-30 22:20:00,22,20,2:00,120,6755,Except TUE,501
BOM,DED,1899-12-30 10:05:00,10,5,1899-12-30 12:25:00,12,25,2:20,140,533,Except WED/FRI,167
BOM,DEL,1899-12-30 06:25:00,6,25,1899-12-30 08:35:00,8,35,2:10,130,5047,Daily,43
BOM,DEL,1899-12-30 08:40:00,8,40,1899-12-30 10:55:00,10,55,2:15,135,5336,Daily,116
BOM,DEL,1899-12-30 14:30:00,14,30,1899-12-30 16:45:00,16,45,2:15,135,6284,Daily,319
BOM,DEL,1899-12-30 18:35:00,18,35,1899-12-30 20:50:00,20,50,2:15,135,439,Daily,458
BOM,DEL,1899-12-30 21:10:00,21,10,1899-12-30 23:25:00,23,25,2:15,135,248,Daily,527
BOM,GAU,1899-12-30 05:00:00,5,0,1899-12-30 08:10:00,8,10,3:10,190,958,Daily,33
BOM,GOI,1899-12-30 12:40:00,12,40,1899-12-30 14:05:00,14,5,1:25,85,179,Daily,236
BOM,HYD,1899-12-30 05:15:00,5,15,1899-12-30 06:45:00,6,45,1:30,90,461,Daily,3
BOM,HYD,1899-12-30 11:55:00,11,55,1899-12-30 13:30:00,13,30,1:35,95,821,Except SAT,204
BOM,HYD,1899-12-30 15:40:00,15,40,1899-12-30 17:10:00,17,10,1:30,90,5375,Except TUE,334
BOM,HYD,1899-12-30 19:00:00,19,0,1899-12-30 20:40:00,20,40,1:40,100,834,Daily,449
BOM,IDR,1899-12-30 17:50:00,17,50,1899-12-30 19:15:00,19,15,1:25,85,225,Except TUE/THU,407
BOM,IXB,1899-12-30 08:20:00,8,20,1899-12-30 11:10:00,11,10,2:50,170,205,Daily,122
BOM,IXC,1899-12-30 09:00:00,9,0,1899-12-30 11:30:00,11,30,2:30,150,495,Except SUN,136
BOM,IXD,1899-12-30 12:45:00,12,45,1899-12-30 14:55:00,14,55,2:10,130,5914,Daily,255
BOM,IXE,1899-12-30 09:30:00,9,30,1899-12-30 11:00:00,11,0,1:30,90,5327,Except THU,118
BOM,IXR,1899-12-30 05:35:00,5,35,1899-12-30 07:55:00,7,55,2:20,140,6179,Except THU,25
BOM,JAI,1899-12-30 14:05:00,14,5,1899-12-30 15:55:00,15,55,1:50,110,998,Except THU,296
BOM,LKO,1899-12-30 13:35:00,13,35,1899-12-30 15:45:00,15,45,2:10,130,5317,Daily,292
BOM,LKO,1899-12-30 19:40:00,19,40,1899-12-30 22:00:00,22,0,2:20,140,6446,Except TUE/THU,489
BOM,MAA,1899-12-30 06:10:00,6,10,1899-12-30 08:10:00,8,10,2:00,120,229,Daily,32
BOM,MAA,1899-12-30 15:55:00,15,55,1899-12-30 18:00:00,18,0,2:05,125,768,Daily,363
BOM,MAA,1899-12-30 19:30:00,19,30,1899-12-30 21:35:00,21,35,2:05,125,675,Daily,476
BOM,NAG,1899-12-30 09:10:00,9,10,1899-12-30 10:40:00,10,40,1:30,90,5325,Daily,106
BOM,NAG,1899-12-30 18:30:00,18,30,1899-12-30 20:00:00,20,0,1:30,90,5377,Except TUE/WED/THU/SAT,431
BOM,PAT,1899-12-30 05:15:00,5,15,1899-12-30 07:35:00,7,35,2:20,140,5373,Daily,18
BOM,UDR,1899-12-30 06:05:00,6,5,1899-12-30 07:30:00,7,30,1:25,85,749,Except SAT,15
BOM,VNS,1899-12-30 11:45:00,11,45,1899-12-30 14:00:00,14,0,2:15,135,578,Except TUE/THU,234
BOM,VNS,1899-12-30 17:20:00,17,20,1899-12-30 19:35:00,19,35,2:15,135,712,Daily,417
CCJ,BLR,1899-12-30 16:50:00,16,50,1899-12-30 18:05:00,18,5,1:15,75,7128,Except TUE/WED/FRI/SUN,364
CCU,AMD,1899-12-30 06:15:00,6,15,1899-12-30 08:55:00,8,55,2:40,160,754,Except SUN,52
CCU,AMD,1899-12-30 19:40:00,19,40,1899-12-30 22:20:00,22,20,2:40,160,6674,Daily,500
CCU,BBI,1899-12-30 17:00:00,17,0,1899-12-30 18:10:00,18,10,1:10,70,869,Daily,365
CCU,BLR,1899-12-30 05:20:00,5,20,1899-12-30 07:50:00,7,50,2:30,150,6379,Except TUE/THU/SAT,23
CCU,BLR,1899-12-30 09:45:00,9,45,1899-12-30 12:15:00,12,15,2:30,150,6445,Except TUE,159
CCU,BLR,1899-12-30 15:40:00,15,40,1899-12-30 18:25:00,18,25,2:45,165,6965,Except SUN,373
CCU,BLR,1899-12-30 18:00:00,18,0,1899-12-30 20:35:00,20,35,2:35,155,875,Daily,447
CCU,BOM,1899-12-30 06:45:00,6,45,1899-12-30 09:40:00,9,40,2:55,175,496,Every SAT,68
CCU,BOM,1899-12-30 08:00:00,8,0,1899-12-30 10:55:00,10,55,2:55,175,5379,Except TUE/THU,115
CCU,BOM,1899-12-30 15:15:00,15,15,1899-12-30 18:00:00,18,0,2:45,165,5353,Daily,362
CCU,DEL,1899-12-30 07:20:00,7,20,1899-12-30 09:40:00,9,40,2:20,140,6324,Daily,73
CCU,DEL,1899-12-30 10:55:00,10,55,1899-12-30 13:15:00,13,15,2:20,140,854,Daily,199
CCU,DEL,1899-12-30 21:30:00,21,30,1899-12-30 23:55:00,23,55,2:25,145,476,Daily,530
CCU,DIB,1899-12-30 12:00:00,12,0,1899-12-30 13:40:00,13,40,1:40,100,455,Daily,213
CCU,GAU,1899-12-30 06:05:00,6,5,1899-12-30 07:20:00,7,20,1:15,75,6623,Daily,11
CCU,GAU,1899-12-30 10:30:00,10,30,1899-12-30 11:45:00,11,45,1:15,75,207,Daily,144
CCU,GAU,1899-12-30 15:25:00,15,25,1899-12-30 16:40:00,16,40,1:15,75,292,Daily,317
CCU,HYD,1899-12-30 09:05:00,9,5,1899-12-30 11:15:00,11,15,2:10,130,6513,Daily,125
CCU,HYD,1899-12-30 17:45:00,17,45,1899-12-30 19:55:00,19,55,2:10,130,946,Except TUE/THU,426
CCU,IDR,1899-12-30 09:35:00,9,35,1899-12-30 11:55:00,11,55,2:20,140,227,Except MON/WED/FRI/SUN,153
CCU,IMF,1899-12-30 11:20:00,11,20,1899-12-30 12:45:00,12,45,1:25,85,707,Daily,181
CCU,IXA,1899-12-30 07:00:00,7,0,1899-12-30 08:00:00,8,0,1:00,60,374,Daily,29
CCU,IXA,1899-12-30 09:20:00,9,20,1899-12-30 10:20:00,10,20,1:00,60,861,Daily,94
CCU,IXA,1899-12-30 11:30:00,11,30,1899-12-30 12:30:00,12,30,1:00,60,358,Except TUE/WED/FRI/SUN,172
CCU,IXB,1899-12-30 14:00:00,14,0,1899-12-30 15:10:00,15,10,1:10,70,557,Daily,269
CCU,JAI,1899-12-30 19:55:00,19,55,1899-12-30 22:15:00,22,15,2:20,140,6314,Daily,499
CCU,LKO,1899-12-30 20:10:00,20,10,1899-12-30 21:50:00,21,50,1:40,100,856,Daily,483
CCU,MAA,1899-12-30 10:25:00,10,25,1899-12-30 12:50:00,12,50,2:25,145,759,Daily,183
CCU,MAA,1899-12-30 18:25:00,18,25,1899-12-30 20:45:00,20,45,2:20,140,757,Daily,453
CCU,MAA,1899-12-30 20:40:00,20,40,1899-12-30 22:55:00,22,55,2:15,135,6291,Daily,515
CCU,NAG,1899-12-30 17:25:00,17,25,1899-12-30 19:20:00,19,20,1:55,115,404,Daily,410
CCU,PAT,1899-12-30 07:55:00,7,55,1899-12-30 09:05:00,9,5,1:10,70,6527,Daily,58
CCU,PNQ,1899-12-30 13:00:00,13,0,1899-12-30 15:40:00,15,40,2:40,160,794,Except SAT,286
CCU,RPR,1899-12-30 06:30:00,6,30,1899-12-30 07:55:00,7,55,1:25,85,245,Daily,26
CCU,VNS,1899-12-30 13:40:00,13,40,1899-12-30 15:05:00,15,5,1:25,85,349,Daily,263
CJB,BLR,1899-12-30 16:05:00,16,5,1899-12-30 17:10:00,17,10,1:05,65,992,Except TUE,333
CJB,BOM,1899-12-30 14:30:00,14,30,1899-12-30 16:25:00,16,25,1:55,115,6598,Except TUE/THU,309
CJB,DEL,1899-12-30 10:00:00,10,0,1899-12-30 13:00:00,13,0,3:00,180,985,Daily,188
CJB,HYD,1899-12-30 14:00:00,14,0,1899-12-30 15:35:00,15,35,1:35,95,969,Daily,282
CJB,MAA,1899-12-30 13:55:00,13,55,1899-12-30 15:00:00,15,0,1:05,65,2698,Every TUE,257
CNN,BLR,1899-12-30 17:15:00,17,15,1899-12-30 18:35:00,18,35,1:20,80,7973,Except MON/TUE/THU/SAT,379
COK,BLR,1899-12-30 06:00:00,6,0,1899-12-30 07:10:00,7,10,1:10,70,6345,Except MON,9
COK,BLR,1899-12-30 19:50:00,19,50,1899-12-30 21:05:00,21,5,1:15,75,6893,Daily,462
COK,BOM,1899-12-30 12:00:00,12,0,1899-12-30 14:05:00,14,5,2:05,125,184,Except MON/TUE,235
COK,CNN,1899-12-30 13:55:00,13,55,1899-12-30 15:00:00,15,0,1:05,65,7958,Every TUE,261
COK,DEL,1899-12-30 18:45:00,18,45,1899-12-30 22:00:00,22,0,3:15,195,706,Daily,488
COK,HYD,1899-12-30 09:35:00,9,35,1899-12-30 11:10:00,11,10,1:35,95,913,Daily,124
COK,MAA,1899-12-30 15:15:00,15,15,1899-12-30 16:35:00,16,35,1:20,80,986,Except TUE,314
DED,BOM,1899-12-30 13:05:00,13,5,1899-12-30 15:25:00,15,25,2:20,140,257,Except WED/FRI,277
DED,DEL,1899-12-30 11:45:00,11,45,1899-12-30 12:30:00,12,30,0:45,45,679,Daily,173
DED,DEL,1899-12-30 14:30:00,14,30,1899-12-30 15:20:00,15,20,0:50,50,6756,Except WED/FRI,274
DEL,AMD,1899-12-30 09:15:00,9,15,1899-12-30 10:50:00,10,50,1:35,95,2043,Except SUN,111
DEL,AMD,1899-12-30 11:00:00,11,0,1899-12-30 12:35:00,12,35,1:35,95,161,Except SUN,176
DEL,AMD,1899-12-30 13:35:00,13,35,1899-12-30 15:05:00,15,5,1:30,90,432,Daily,267
DEL,ATQ,1899-12-30 20:05:00,20,5,1899-12-30 21:20:00,21,20,1:15,75,5056,Daily,470
DEL,BBI,1899-12-30 06:45:00,6,45,1899-12-30 09:00:00,9,0,2:15,135,2701,Except THU,57
DEL,BBI,1899-12-30 19:35:00,19,35,1899-12-30 21:50:00,21,50,2:15,135,2014,Daily,480
DEL,BDQ,1899-12-30 17:05:00,17,5,1899-12-30 18:45:00,18,45,1:40,100,2064,Daily,384
DEL,BHO,1899-12-30 13:50:00,13,50,1899-12-30 15:20:00,15,20,1:30,90,2053,Daily,275
DEL,BLR,1899-12-30 05:00:00,5,0,1899-12-30 07:45:00,7,45,2:45,165,5031,Daily,19
DEL,BLR,1899-12-30 09:10:00,9,10,1899-12-30 12:00:00,12,0,2:50,170,2297,Every TUE,155
DEL,BLR,1899-12-30 12:05:00,12,5,1899-12-30 14:50:00,14,50,2:45,165,2423,Except TUE,251
DEL,BLR,1899-12-30 14:20:00,14,20,1899-12-30 17:05:00,17,5,2:45,165,6614,Except MON/WED/FRI/SUN,325
DEL,BLR,1899-12-30 19:05:00,19,5,1899-12-30 22:00:00,22,0,2:55,175,2637,Daily,490
DEL,BLR,1899-12-30 21:05:00,21,5,1899-12-30 23:50:00,23,50,2:45,165,2131,Daily,529
DEL,BOM,1899-12-30 05:35:00,5,35,1899-12-30 07:45:00,7,45,2:10,130,5335,Daily,21
DEL,BOM,1899-12-30 09:35:00,9,35,1899-12-30 11:50:00,11,50,2:15,135,5339,Daily,149
DEL,BOM,1899-12-30 11:40:00,11,40,1899-12-30 13:45:00,13,45,2:05,125,6957,Daily,220
DEL,BOM,1899-12-30 15:35:00,15,35,1899-12-30 17:40:00,17,40,2:05,125,755,Daily,350
DEL,BOM,1899-12-30 18:05:00,18,5,1899-12-30 20:10:00,20,10,2:05,125,129,Daily,436
DEL,BOM,1899-12-30 19:50:00,19,50,1899-12-30 21:55:00,21,55,2:05,125,197,Daily,484
DEL,CCU,1899-12-30 04:30:00,4,30,1899-12-30 06:40:00,6,40,2:10,130,282,Daily,2
DEL,CCU,1899-12-30 07:50:00,7,50,1899-12-30 10:05:00,10,5,2:15,135,377,Daily,86
DEL,CCU,1899-12-30 10:20:00,10,20,1899-12-30 12:40:00,12,40,2:20,140,6457,Daily,179
DEL,CCU,1899-12-30 18:20:00,18,20,1899-12-30 20:30:00,20,30,2:10,130,307,Daily,443
DEL,CJB,1899-12-30 06:20:00,6,20,1899-12-30 09:15:00,9,15,2:55,175,908,Daily,62
DEL,COK,1899-12-30 14:40:00,14,40,1899-12-30 17:55:00,17,55,3:15,195,6193,Daily,359
DEL,DED,1899-12-30 09:55:00,9,55,1899-12-30 10:45:00,10,45,0:50,50,818,Daily,107
DEL,DED,1899-12-30 13:00:00,13,0,1899-12-30 13:50:00,13,50,0:50,50,966,Except WED/FRI,222
DEL,GAU,1899-12-30 05:20:00,5,20,1899-12-30 07:45:00,7,45,2:25,145,251,Daily,20
DEL,GAU,1899-12-30 17:20:00,17,20,1899-12-30 19:45:00,19,45,2:25,145,694,Daily,423
DEL,GOI,1899-12-30 11:40:00,11,40,1899-12-30 14:20:00,14,20,2:40,160,367,Daily,244
DEL,HYD,1899-12-30 05:10:00,5,10,1899-12-30 07:30:00,7,30,2:20,140,765,Daily,16
DEL,HYD,1899-12-30 07:35:00,7,35,1899-12-30 09:45:00,9,45,2:10,130,5001,Every TUE/THU,76
DEL,HYD,1899-12-30 10:55:00,10,55,1899-12-30 13:15:00,13,15,2:20,140,739,Except THU,197
DEL,HYD,1899-12-30 16:55:00,16,55,1899-12-30 19:10:00,19,10,2:15,135,967,Except THU,403
DEL,HYD,1899-12-30 20:50:00,20,50,1899-12-30 23:05:00,23,5,2:15,135,5055,Daily,522
DEL,IDR,1899-12-30 08:50:00,8,50,1899-12-30 10:20:00,10,20,1:30,90,5038,Daily,93
DEL,IDR,1899-12-30 15:15:00,15,15,1899-12-30 16:40:00,16,40,1:25,85,733,Except TUE/THU,316
DEL,IXB,1899-12-30 14:50:00,14,50,1899-12-30 16:55:00,16,55,2:05,125,5023,Daily,322
DEL,IXC,1899-12-30 10:50:00,10,50,1899-12-30 11:40:00,11,40,0:50,50,545,Except SUN,142
DEL,IXJ,1899-12-30 14:05:00,14,5,1899-12-30 15:35:00,15,35,1:30,90,955,Daily,284
DEL,IXR,1899-12-30 07:05:00,7,5,1899-12-30 08:55:00,8,55,1:50,110,421,Daily,49
DEL,IXR,1899-12-30 17:50:00,17,50,1899-12-30 19:40:00,19,40,1:50,110,6535,Except THU,419
DEL,JAI,1899-12-30 21:35:00,21,35,1899-12-30 22:30:00,22,30,0:55,55,736,Daily,502
DEL,LKO,1899-12-30 08:40:00,8,40,1899-12-30 09:50:00,9,50,1:10,70,906,Daily,79
DEL,LKO,1899-12-30 12:25:00,12,25,1899-12-30 13:35:00,13,35,1:10,70,943,Daily,209
DEL,LKO,1899-12-30 21:00:00,21,0,1899-12-30 22:05:00,22,5,1:05,65,6528,Daily,492
DEL,MAA,1899-12-30 08:30:00,8,30,1899-12-30 11:25:00,11,25,2:55,175,2859,Every TUE,134
DEL,MAA,1899-12-30 10:10:00,10,10,1899-12-30 13:00:00,13,0,2:50,170,5008,Daily,187
DEL,MAA,1899-12-30 15:20:00,15,20,1899-12-30 18:15:00,18,15,2:55,175,2028,Daily,368
DEL,MAA,1899-12-30 19:20:00,19,20,1899-12-30 22:10:00,22,10,2:50,170,2519,Daily,495
DEL,NAG,1899-12-30 10:05:00,10,5,1899-12-30 11:45:00,11,45,1:40,100,135,Except SAT,146
DEL,PAT,1899-12-30 06:35:00,6,35,1899-12-30 08:10:00,8,10,1:35,95,494,Daily,31
DEL,PAT,1899-12-30 12:30:00,12,30,1899-12-30 14:10:00,14,10,1:40,100,6126,Daily,240
DEL,PAT,1899-12-30 16:15:00,16,15,1899-12-30 17:55:00,17,55,1:40,100,653,Daily,358
DEL,PNQ,1899-12-30 04:45:00,4,45,1899-12-30 06:50:00,6,50,2:05,125,643,Daily,5
DEL,PNQ,1899-12-30 08:15:00,8,15,1899-12-30 10:35:00,10,35,2:20,140,6769,Except SAT,103
DEL,PNQ,1899-12-30 17:55:00,17,55,1899-12-30 19:55:00,19,55,2:00,120,286,Daily,427
DEL,RPR,1899-12-30 06:50:00,6,50,1899-12-30 08:40:00,8,40,1:50,110,2757,Except WED/FRI,44
DEL,RPR,1899-12-30 17:25:00,17,25,1899-12-30 19:15:00,19,15,1:50,110,2912,Daily,405
DEL,STV,1899-12-30 11:20:00,11,20,1899-12-30 13:15:00,13,15,1:55,115,5034,Daily,196
DEL,SXR,1899-12-30 15:05:00,15,5,1899-12-30 16:35:00,16,35,1:30,90,2148,Except SUN,313
DEL,UDR,1899-12-30 16:00:00,16,0,1899-12-30 17:20:00,17,20,1:20,80,5041,Daily,339
DEL,VNS,1899-12-30 08:55:00,8,55,1899-12-30 10:20:00,10,20,1:25,85,6613,Daily,92
DEL,VNS,1899-12-30 15:55:00,15,55,1899-12-30 17:15:00,17,15,1:20,80,6176,Except WED/FRI,337
DEL,VTZ,1899-12-30 16:50:00,16,50,1899-12-30 19:10:00,19,10,2:20,140,2719,Daily,404
DIB,CCU,1899-12-30 14:20:00,14,20,1899-12-30 16:05:00,16,5,1:45,105,206,Daily,302
GAU,BLR,1899-12-30 10:35:00,10,35,1899-12-30 13:55:00,13,55,3:20,200,316,Except TUE,225
GAU,BOM,1899-12-30 08:50:00,8,50,1899-12-30 12:05:00,12,5,3:15,195,433,Daily,156
GAU,CCU,1899-12-30 07:55:00,7,55,1899-12-30 09:15:00,9,15,1:20,80,6248,Daily,60
GAU,CCU,1899-12-30 15:45:00,15,45,1899-12-30 17:05:00,17,5,1:20,80,394,Daily,326
GAU,CCU,1899-12-30 17:20:00,17,20,1899-12-30 18:35:00,18,35,1:15,75,291,Daily,381
GAU,DEL,1899-12-30 20:25:00,20,25,1899-12-30 23:05:00,23,5,2:40,160,558,Daily,521
GAU,IMF,1899-12-30 12:35:00,12,35,1899-12-30 13:35:00,13,35,1:00,60,6538,Daily,207
GAU,IXA,1899-12-30 10:20:00,10,20,1899-12-30 11:20:00,11,20,1:00,60,649,Daily,130
GOI,BLR,1899-12-30 14:15:00,14,15,1899-12-30 15:30:00,15,30,1:15,75,714,Except TUE,281
GOI,BOM,1899-12-30 14:45:00,14,45,1899-12-30 16:00:00,16,0,1:15,75,6097,Daily,300
GOI,DEL,1899-12-30 15:20:00,15,20,1899-12-30 18:00:00,18,0,2:40,160,637,Daily,360
GOI,DEL,1899-12-30 18:10:00,18,10,1899-12-30 20:45:00,20,45,2:35,155,724,Except TUE/THU/SAT,454
GOI,HYD,1899-12-30 07:25:00,7,25,1899-12-30 08:45:00,8,45,1:20,80,744,Every SAT,48
GOI,HYD,1899-12-30 13:45:00,13,45,1899-12-30 15:00:00,15,0,1:15,75,381,Daily,259
GOP,HYD,1899-12-30 12:30:00,12,30,1899-12-30 14:45:00,14,45,2:15,135,6318,Daily,250
HYD,AMD,1899-12-30 13:20:00,13,20,1899-12-30 15:05:00,15,5,1:45,105,644,Daily,265
HYD,AMD,1899-12-30 18:20:00,18,20,1899-12-30 20:05:00,20,5,1:45,105,6719,Daily,433
HYD,BBI,1899-12-30 07:00:00,7,0,1899-12-30 08:40:00,8,40,1:40,100,266,Daily,47
HYD,BHO,1899-12-30 14:45:00,14,45,1899-12-30 17:10:00,17,10,2:25,145,7121,Except MON/WED/FRI/SUN,330
HYD,BLR,1899-12-30 07:30:00,7,30,1899-12-30 08:40:00,8,40,1:10,70,2031,Daily,45
HYD,BLR,1899-12-30 09:15:00,9,15,1899-12-30 10:25:00,10,25,1:10,70,151,Daily,96
HYD,BLR,1899-12-30 14:50:00,14,50,1899-12-30 16:00:00,16,0,1:10,70,6739,Daily,299
HYD,BLR,1899-12-30 20:45:00,20,45,1899-12-30 22:05:00,22,5,1:20,80,6505,Daily,491
HYD,BOM,1899-12-30 07:20:00,7,20,1899-12-30 09:00:00,9,0,1:40,100,247,Daily,55
HYD,BOM,1899-12-30 14:15:00,14,15,1899-12-30 15:40:00,15,40,1:25,85,389,Except SAT,290
HYD,BOM,1899-12-30 18:05:00,18,5,1899-12-30 19:30:00,19,30,1:25,85,5376,Except TUE,414
HYD,BOM,1899-12-30 21:20:00,21,20,1899-12-30 23:00:00,23,0,1:40,100,231,Daily,520
HYD,CCU,1899-12-30 06:15:00,6,15,1899-12-30 08:25:00,8,25,2:10,130,353,Daily,37
HYD,CCU,1899-12-30 20:45:00,20,45,1899-12-30 23:00:00,23,0,2:15,135,944,Except TUE/THU,519
HYD,CJB,1899-12-30 12:00:00,12,0,1899-12-30 13:25:00,13,25,1:25,85,6752,Daily,202
HYD,COK,1899-12-30 11:50:00,11,50,1899-12-30 13:25:00,13,25,1:35,95,6334,Daily,200
HYD,DEL,1899-12-30 08:15:00,8,15,1899-12-30 10:40:00,10,40,2:25,145,846,Daily,105
HYD,DEL,1899-12-30 11:20:00,11,20,1899-12-30 13:40:00,13,40,2:20,140,5002,Every TUE/THU,217
HYD,DEL,1899-12-30 14:00:00,14,0,1899-12-30 16:20:00,16,20,2:20,140,6468,Except THU,307
HYD,DEL,1899-12-30 16:40:00,16,40,1899-12-30 19:00:00,19,0,2:20,140,5045,Daily,392
HYD,DEL,1899-12-30 20:10:00,20,10,1899-12-30 22:35:00,22,35,2:25,145,6684,Except THU,506
HYD,GOI,1899-12-30 11:40:00,11,40,1899-12-30 13:05:00,13,5,1:25,85,905,Daily,192
HYD,GOP,1899-12-30 09:40:00,9,40,1899-12-30 11:55:00,11,55,2:15,135,6316,Daily,152
HYD,IDR,1899-12-30 15:40:00,15,40,1899-12-30 17:10:00,17,10,1:30,90,6915,Daily,327
HYD,IDR,1899-12-30 17:50:00,17,50,1899-12-30 19:30:00,19,30,1:40,100,587,Every SAT,415
HYD,IXG,1899-12-30 07:55:00,7,55,1899-12-30 09:20:00,9,20,1:25,85,7966,Except MON/WED/FRI/SUN,65
HYD,IXR,1899-12-30 17:10:00,17,10,1899-12-30 19:00:00,19,0,1:50,110,981,Daily,395
HYD,JAI,1899-12-30 17:25:00,17,25,1899-12-30 19:25:00,19,25,2:00,120,467,Daily,412
HYD,KLH,1899-12-30 07:40:00,7,40,1899-12-30 09:15:00,9,15,1:35,95,7994,Except TUE/THU/SAT,63
HYD,LKO,1899-12-30 05:00:00,5,0,1899-12-30 07:00:00,7,0,2:00,120,732,Daily,7
HYD,MAA,1899-12-30 06:15:00,6,15,1899-12-30 07:30:00,7,30,1:15,75,188,Daily,13
HYD,MAA,1899-12-30 14:30:00,14,30,1899-12-30 15:45:00,15,45,1:15,75,2839,Except TUE/THU,294
HYD,MAA,1899-12-30 18:45:00,18,45,1899-12-30 20:05:00,20,5,1:20,80,274,Daily,434
HYD,PAT,1899-12-30 10:35:00,10,35,1899-12-30 12:40:00,12,40,2:05,125,982,Daily,180
HYD,RJA,1899-12-30 19:35:00,19,35,1899-12-30 20:55:00,20,55,1:20,80,7123,Daily,460
HYD,SAG,1899-12-30 11:50:00,11,50,1899-12-30 13:35:00,13,35,1:45,105,7166,Except MON/WED/FRI/SUN,210
HYD,TIR,1899-12-30 06:50:00,6,50,1899-12-30 08:20:00,8,20,1:30,90,7105,Daily,35
HYD,VGA,1899-12-30 16:15:00,16,15,1899-12-30 17:25:00,17,25,1:10,70,7205,Daily,341
HYD,VNS,1899-12-30 15:40:00,15,40,1899-12-30 17:40:00,17,40,2:00,120,6624,Daily,349
HYD,VTZ,1899-12-30 10:35:00,10,35,1899-12-30 11:50:00,11,50,1:15,75,879,Daily,148
IDR,BOM,1899-12-30 20:00:00,20,0,1899-12-30 21:15:00,21,15,1:15,75,6587,Except TUE/THU,465
IDR,DEL,1899-12-30 11:00:00,11,0,1899-12-30 12:35:00,12,35,1:35,95,5039,Daily,177
IDR,DEL,1899-12-30 17:20:00,17,20,1899-12-30 18:55:00,18,55,1:35,95,6409,Except TUE/THU,391
IDR,HYD,1899-12-30 17:50:00,17,50,1899-12-30 19:15:00,19,15,1:25,85,6916,Daily,406
IMF,CCU,1899-12-30 13:25:00,13,25,1899-12-30 14:40:00,14,40,1:15,75,202,Daily,248
IMF,GAU,1899-12-30 10:10:00,10,10,1899-12-30 11:00:00,11,0,0:50,50,614,Daily,117
IMF,GAU,1899-12-30 14:15:00,14,15,1899-12-30 15:05:00,15,5,0:50,50,6539,Daily,268
IXA,CCU,1899-12-30 11:00:00,11,0,1899-12-30 11:50:00,11,50,0:50,50,6488,Daily,151
IXA,CCU,1899-12-30 12:00:00,12,0,1899-12-30 12:55:00,12,55,0:55,55,6757,Daily,185
IXA,CCU,1899-12-30 13:50:00,13,50,1899-12-30 14:45:00,14,45,0:55,55,994,Daily,249
IXA,GAU,1899-12-30 08:40:00,8,40,1899-12-30 09:40:00,9,40,1:00,60,647,Daily,70
IXA,GAU,1899-12-30 10:30:00,10,30,1899-12-30 11:25:00,11,25,0:55,55,119,Every TUE,131
IXB,BOM,1899-12-30 11:50:00,11,50,1899-12-30 14:50:00,14,50,3:00,180,6175,Daily,253
IXB,CCU,1899-12-30 15:50:00,15,50,1899-12-30 16:55:00,16,55,1:05,65,6444,Daily,321
IXB,DEL,1899-12-30 17:35:00,17,35,1899-12-30 19:40:00,19,40,2:05,125,5024,Daily,421
IXC,BLR,1899-12-30 10:45:00,10,45,1899-12-30 13:45:00,13,45,3:00,180,491,Except TUE/SUN,221
IXC,BLR,1899-12-30 14:40:00,14,40,1899-12-30 17:45:00,17,45,3:05,185,593,Daily,354
IXC,BOM,1899-12-30 12:10:00,12,10,1899-12-30 14:40:00,14,40,2:30,150,264,Except SUN,246
IXC,DEL,1899-12-30 12:40:00,12,40,1899-12-30 13:40:00,13,40,1:00,60,6455,Except SUN,215
IXC,GOI,1899-12-30 19:50:00,19,50,1899-12-30 22:35:00,22,35,2:45,165,6323,Every TUE,505
IXD,BLR,1899-12-30 13:40:00,13,40,1899-12-30 16:15:00,16,15,2:35,155,5997,Every SAT,305
IXD,BOM,1899-12-30 15:35:00,15,35,1899-12-30 17:45:00,17,45,2:10,130,5915,Daily,352
IXD,PNQ,1899-12-30 08:00:00,8,0,1899-12-30 10:10:00,10,10,2:10,130,5983,Every SAT,89
IXE,BLR,1899-12-30 10:35:00,10,35,1899-12-30 11:35:00,11,35,1:00,60,172,Every TUE,140
IXE,BLR,1899-12-30 19:30:00,19,30,1899-12-30 20:35:00,20,35,1:05,65,388,Every SAT,448
IXE,BOM,1899-12-30 11:40:00,11,40,1899-12-30 13:15:00,13,15,1:35,95,5328,Except THU,198
IXE,MAA,1899-12-30 20:05:00,20,5,1899-12-30 21:50:00,21,50,1:45,105,7139,Daily,482
IXG,HYD,1899-12-30 09:50:00,9,50,1899-12-30 11:20:00,11,20,1:30,90,7968,Except MON/WED/FRI/SUN,129
IXJ,DEL,1899-12-30 16:10:00,16,10,1899-12-30 17:35:00,17,35,1:25,85,535,Daily,346
IXM,BLR,1899-12-30 13:00:00,13,0,1899-12-30 14:20:00,14,20,1:20,80,7217,Except TUE,243
IXM,MAA,1899-12-30 07:35:00,7,35,1899-12-30 09:00:00,9,0,1:25,85,7194,Daily,54
IXM,MAA,1899-12-30 09:00:00,9,0,1899-12-30 10:30:00,10,30,1:30,90,7196,Daily,100
IXR,BOM,1899-12-30 08:35:00,8,35,1899-12-30 11:05:00,11,5,2:30,150,5316,Except THU,121
IXR,DEL,1899-12-30 09:35:00,9,35,1899-12-30 11:30:00,11,30,1:55,115,398,Daily,137
IXR,DEL,1899-12-30 20:20:00,20,20,1899-12-30 22:15:00,22,15,1:55,115,6184,Except THU,498
IXR,HYD,1899-12-30 19:40:00,19,40,1899-12-30 21:35:00,21,35,1:55,115,989,Daily,473
JAI,BLR,1899-12-30 05:50:00,5,50,1899-12-30 08:20:00,8,20,2:30,150,839,Except MON,36
JAI,BLR,1899-12-30 12:40:00,12,40,1899-12-30 15:05:00,15,5,2:25,145,498,Except SAT,266
JAI,BOM,1899-12-30 06:40:00,6,40,1899-12-30 08:25:00,8,25,1:45,105,218,Except MON/THU,38
JAI,CCU,1899-12-30 16:45:00,16,45,1899-12-30 19:05:00,19,5,2:20,140,6156,Daily,399
JAI,DEL,1899-12-30 12:30:00,12,30,1899-12-30 13:35:00,13,35,1:05,65,203,Except MON,211
JAI,HYD,1899-12-30 20:05:00,20,5,1899-12-30 22:10:00,22,10,2:05,125,471,Daily,496
KLH,HYD,1899-12-30 14:30:00,14,30,1899-12-30 16:05:00,16,5,1:35,95,7993,Except TUE/THU/SAT,301
KLH,TIR,1899-12-30 09:45:00,9,45,1899-12-30 11:35:00,11,35,1:50,110,7992,Except TUE/THU/SAT,138
LKO,AMD,1899-12-30 05:35:00,5,35,1899-12-30 07:30:00,7,30,1:55,115,142,Daily,17
LKO,BLR,1899-12-30 10:40:00,10,40,1899-12-30 13:10:00,13,10,2:30,150,325,Except TUE,194
LKO,BOM,1899-12-30 06:15:00,6,15,1899-12-30 08:30:00,8,30,2:15,135,685,Daily,39
LKO,BOM,1899-12-30 16:25:00,16,25,1899-12-30 18:40:00,18,40,2:15,135,5318,Except TUE/THU,383
LKO,CCU,1899-12-30 17:40:00,17,40,1899-12-30 19:20:00,19,20,1:40,100,6157,Daily,411
LKO,DEL,1899-12-30 06:45:00,6,45,1899-12-30 07:55:00,7,55,1:10,70,769,Daily,28
LKO,DEL,1899-12-30 10:30:00,10,30,1899-12-30 11:45:00,11,45,1:15,75,243,Daily,143
LKO,DEL,1899-12-30 14:10:00,14,10,1899-12-30 15:25:00,15,25,1:15,75,306,Daily,276
LKO,HYD,1899-12-30 07:40:00,7,40,1899-12-30 09:40:00,9,40,2:00,120,844,Daily,69
MAA,AMD,1899-12-30 21:10:00,21,10,1899-12-30 23:30:00,23,30,2:20,140,6374,Daily,528
MAA,BBI,1899-12-30 16:40:00,16,40,1899-12-30 18:30:00,18,30,1:50,110,143,Except MON/WED/FRI/SUN,375
MAA,BLR,1899-12-30 06:35:00,6,35,1899-12-30 07:25:00,7,25,0:50,50,6897,Daily,12
MAA,BLR,1899-12-30 14:35:00,14,35,1899-12-30 15:30:00,15,30,0:55,55,6011,Except TUE,279
MAA,BLR,1899-12-30 18:00:00,18,0,1899-12-30 19:00:00,19,0,1:00,60,6847,Daily,393
MAA,BLR,1899-12-30 19:50:00,19,50,1899-12-30 20:50:00,20,50,1:00,60,6192,Daily,459
MAA,BOM,1899-12-30 09:00:00,9,0,1899-12-30 11:05:00,11,5,2:05,125,782,Daily,120
MAA,BOM,1899-12-30 16:45:00,16,45,1899-12-30 18:50:00,18,50,2:05,125,6998,Daily,388
MAA,BOM,1899-12-30 18:50:00,18,50,1899-12-30 20:50:00,20,50,2:00,120,6917,Daily,457
MAA,CCU,1899-12-30 07:25:00,7,25,1899-12-30 09:45:00,9,45,2:20,140,797,Daily,75
MAA,CCU,1899-12-30 14:00:00,14,0,1899-12-30 16:20:00,16,20,2:20,140,183,Daily,308
MAA,COK,1899-12-30 17:40:00,17,40,1899-12-30 18:55:00,18,55,1:15,75,597,Except TUE,390
MAA,DEL,1899-12-30 06:30:00,6,30,1899-12-30 09:20:00,9,20,2:50,170,5007,Daily,66
MAA,DEL,1899-12-30 15:35:00,15,35,1899-12-30 18:30:00,18,30,2:55,175,2752,Daily,374
MAA,DEL,1899-12-30 19:00:00,19,0,1899-12-30 21:55:00,21,55,2:55,175,2029,Daily,487
MAA,GAU,1899-12-30 09:25:00,9,25,1899-12-30 12:15:00,12,15,2:50,170,112,Daily,160
MAA,HYD,1899-12-30 08:30:00,8,30,1899-12-30 09:45:00,9,45,1:15,75,384,Daily,74
MAA,HYD,1899-12-30 15:40:00,15,40,1899-12-30 16:50:00,16,50,1:10,70,6006,Every TUE/SAT,320
MAA,HYD,1899-12-30 16:30:00,16,30,1899-12-30 17:50:00,17,50,1:20,80,2783,Except TUE/THU,357
MAA,HYD,1899-12-30 20:50:00,20,50,1899-12-30 22:05:00,22,5,1:15,75,6173,Daily,493
MAA,IXE,1899-12-30 17:45:00,17,45,1899-12-30 19:35:00,19,35,1:50,110,7141,Daily,416
MAA,IXM,1899-12-30 05:40:00,5,40,1899-12-30 07:05:00,7,5,1:25,85,7193,Daily,8
MAA,IXM,1899-12-30 07:05:00,7,5,1899-12-30 08:30:00,8,30,1:25,85,7195,Daily,40
MAA,PNQ,1899-12-30 08:05:00,8,5,1899-12-30 10:00:00,10,0,1:55,115,502,Every SAT,85
MAA,RJA,1899-12-30 15:30:00,15,30,1899-12-30 17:10:00,17,10,1:40,100,7125,Except TUE/THU/SAT,331
MAA,TCR,1899-12-30 11:00:00,11,0,1899-12-30 12:35:00,12,35,1:35,95,7185,Daily,175
MAA,TRZ,1899-12-30 09:35:00,9,35,1899-12-30 10:45:00,10,45,1:10,70,7145,Daily,109
MAA,TRZ,1899-12-30 20:10:00,20,10,1899-12-30 21:20:00,21,20,1:10,70,7149,Daily,469
MAA,VGA,1899-12-30 15:45:00,15,45,1899-12-30 17:10:00,17,10,1:25,85,7208,Except MON/WED/FRI/SUN,332
MAA,VNS,1899-12-30 10:10:00,10,10,1899-12-30 12:50:00,12,50,2:40,160,513,Daily,184
MAA,VTZ,1899-12-30 16:40:00,16,40,1899-12-30 18:00:00,18,0,1:20,80,6835,Except TUE/THU/SAT,361
NAG,BLR,1899-12-30 10:30:00,10,30,1899-12-30 12:05:00,12,5,1:35,95,317,Except TUE,157
NAG,BOM,1899-12-30 11:15:00,11,15,1899-12-30 12:55:00,12,55,1:40,100,297,Daily,186
NAG,BOM,1899-12-30 20:40:00,20,40,1899-12-30 22:10:00,22,10,1:30,90,6404,Except TUE/WED/THU/SAT,494
NAG,CCU,1899-12-30 20:00:00,20,0,1899-12-30 21:45:00,21,45,1:45,105,403,Daily,477
PAT,BLR,1899-12-30 14:50:00,14,50,1899-12-30 17:30:00,17,30,2:40,160,805,Daily,344
PAT,BOM,1899-12-30 08:15:00,8,15,1899-12-30 10:55:00,10,55,2:40,160,5374,Daily,113
PAT,CCU,1899-12-30 09:45:00,9,45,1899-12-30 10:50:00,10,50,1:05,65,634,Daily,112
PAT,DEL,1899-12-30 08:50:00,8,50,1899-12-30 10:35:00,10,35,1:45,105,6367,Daily,104
PAT,DEL,1899-12-30 14:50:00,14,50,1899-12-30 16:35:00,16,35,1:45,105,191,Daily,312
PAT,DEL,1899-12-30 18:30:00,18,30,1899-12-30 20:10:00,20,10,1:40,100,508,Daily,438
PAT,HYD,1899-12-30 13:20:00,13,20,1899-12-30 15:30:00,15,30,2:10,130,6529,Daily,278
PNQ,BLR,1899-12-30 07:00:00,7,0,1899-12-30 08:30:00,8,30,1:30,90,391,Daily,42
PNQ,BLR,1899-12-30 13:45:00,13,45,1899-12-30 15:15:00,15,15,1:30,90,6279,Except SAT,272
PNQ,BLR,1899-12-30 18:05:00,18,5,1899-12-30 19:40:00,19,40,1:35,95,556,Every SAT,418
PNQ,CCU,1899-12-30 06:05:00,6,5,1899-12-30 08:30:00,8,30,2:25,145,6359,Except MON,41
PNQ,DEL,1899-12-30 07:40:00,7,40,1899-12-30 09:55:00,9,55,2:15,135,6571,Daily,81
PNQ,DEL,1899-12-30 14:55:00,14,55,1899-12-30 17:10:00,17,10,2:15,135,148,Except SAT,329
PNQ,DEL,1899-12-30 19:00:00,19,0,1899-12-30 21:15:00,21,15,2:15,135,582,Daily,466
PNQ,DEL,1899-12-30 20:35:00,20,35,1899-12-30 22:50:00,22,50,2:15,135,402,Daily,512
PNQ,IXD,1899-12-30 10:45:00,10,45,1899-12-30 13:10:00,13,10,2:25,145,5984,Every SAT,195
PNQ,MAA,1899-12-30 10:30:00,10,30,1899-12-30 12:20:00,12,20,1:50,110,302,Every SAT,162
RJA,HYD,1899-12-30 21:25:00,21,25,1899-12-30 22:40:00,22,40,1:15,75,7126,Daily,508
RJA,MAA,1899-12-30 17:40:00,17,40,1899-12-30 19:10:00,19,10,1:30,90,7124,Except TUE/THU/SAT,402
RPR,CCU,1899-12-30 08:45:00,8,45,1899-12-30 10:15:00,10,15,1:30,90,811,Daily,91
RPR,DEL,1899-12-30 09:40:00,9,40,1899-12-30 11:35:00,11,35,1:55,115,2486,Except WED/FRI,139
RPR,DEL,1899-12-30 20:00:00,20,0,1899-12-30 21:55:00,21,55,1:55,115,2454,Daily,485
RPR,HYD,1899-12-30 09:05:00,9,5,1899-12-30 10:35:00,10,35,1:30,90,827,Every TUE,102
RPR,HYD,1899-12-30 11:00:00,11,0,1899-12-30 12:20:00,12,20,1:20,80,752,Daily,161
SAG,HYD,1899-12-30 14:05:00,14,5,1899-12-30 15:45:00,15,45,1:40,100,7281,Except MON/WED/FRI/SUN,293
STV,DEL,1899-12-30 13:55:00,13,55,1899-12-30 15:45:00,15,45,1:50,110,5035,Daily,291
SXR,DEL,1899-12-30 14:50:00,14,50,1899-12-30 16:30:00,16,30,1:40,100,2124,Daily,310
SXR,DEL,1899-12-30 17:15:00,17,15,1899-12-30 18:50:00,18,50,1:35,95,2197,Except SUN,385
TCR,MAA,1899-12-30 13:20:00,13,20,1899-12-30 15:00:00,15,0,1:40,100,7186,Daily,258
TIR,BLR,1899-12-30 08:50:00,8,50,1899-12-30 09:45:00,9,45,0:55,55,7106,Daily,78
TIR,HYD,1899-12-30 12:30:00,12,30,1899-12-30 14:00:00,14,0,1:30,90,7389,Daily,232
TIR,KLH,1899-12-30 12:05:00,12,5,1899-12-30 14:00:00,14,0,1:55,115,7991,Except TUE/THU/SAT,231
TRZ,BLR,1899-12-30 21:20:00,21,20,1899-12-30 22:30:00,22,30,1:10,70,7739,Daily,504
TRZ,MAA,1899-12-30 11:15:00,11,15,1899-12-30 12:25:00,12,25,1:10,70,7146,Daily,168
TRZ,MAA,1899-12-30 21:50:00,21,50,1899-12-30 23:00:00,23,0,1:10,70,7151,Daily,518
UDR,BOM,1899-12-30 08:10:00,8,10,1899-12-30 09:45:00,9,45,1:35,95,748,Except SAT,77
UDR,DEL,1899-12-30 18:00:00,18,0,1899-12-30 19:20:00,19,20,1:20,80,5042,Daily,408
VGA,BLR,1899-12-30 08:25:00,8,25,1899-12-30 10:00:00,10,0,1:35,95,7203,Daily,83
VGA,HYD,1899-12-30 17:55:00,17,55,1899-12-30 19:05:00,19,5,1:10,70,7209,Daily,400
VGA,MAA,1899-12-30 18:15:00,18,15,1899-12-30 19:40:00,19,40,1:25,85,7135,Except MON/WED/FRI/SUN,420
VNS,BLR,1899-12-30 12:20:00,12,20,1899-12-30 14:55:00,14,55,2:35,155,144,Except TUE,254
VNS,BOM,1899-12-30 14:40:00,14,40,1899-12-30 16:55:00,16,55,2:15,135,579,Except TUE/THU,323
VNS,BOM,1899-12-30 20:15:00,20,15,1899-12-30 22:35:00,22,35,2:20,140,106,Daily,507
VNS,CCU,1899-12-30 15:45:00,15,45,1899-12-30 17:10:00,17,10,1:25,85,789,Daily,328
VNS,DEL,1899-12-30 11:00:00,11,0,1899-12-30 12:30:00,12,30,1:30,90,423,Daily,171
VNS,DEL,1899-12-30 18:15:00,18,15,1899-12-30 19:45:00,19,45,1:30,90,6197,Except WED/FRI,422
VNS,HYD,1899-12-30 18:20:00,18,20,1899-12-30 20:30:00,20,30,2:10,130,6913,Daily,445
VNS,MAA,1899-12-30 13:35:00,13,35,1899-12-30 16:00:00,16,0,2:25,145,514,Daily,297
VTZ,BLR,1899-12-30 07:35:00,7,35,1899-12-30 09:15:00,9,15,1:40,100,287,Daily,64
VTZ,DEL,1899-12-30 19:50:00,19,50,1899-12-30 22:15:00,22,15,2:25,145,2772,Daily,497
VTZ,HYD,1899-12-30 12:30:00,12,30,1899-12-30 13:45:00,13,45,1:15,75,742,Daily,219
VTZ,MAA,1899-12-30 18:40:00,18,40,1899-12-30 20:00:00,20,0,1:20,80,6001,Except TUE/THU/SAT,430
